[
  {
    "bookID": 1,
    "title": "Harry Potter and the Half-Blood Prince (Harry Potter  #6)",
    "authors": "J.K. Rowling/Mary GrandPré",
    "average_rating": 4.57,
    "isbn": 439785960,
    "isbn13": 9780440000000,
    "language_code": "eng",
    "num_pages": 652,
    "ratings_count": 2095690,
    "text_reviews_count": 27591,
    "publication_date": "9/16/2006",
    "publisher": "Scholastic Inc.",
    "": ""
  },
  {
    "bookID": 2,
    "title": "Harry Potter and the Order of the Phoenix (Harry Potter  #5)",
    "authors": "J.K. Rowling/Mary GrandPré",
    "average_rating": 4.49,
    "isbn": 439358078,
    "isbn13": 9780440000000,
    "language_code": "eng",
    "num_pages": 870,
    "ratings_count": 2153167,
    "text_reviews_count": 29221,
    "publication_date": "09/01/2004",
    "publisher": "Scholastic Inc.",
    "": ""
  },
  {
    "bookID": 4,
    "title": "Harry Potter and the Chamber of Secrets (Harry Potter  #2)",
    "authors": "J.K. Rowling",
    "average_rating": 4.42,
    "isbn": 439554896,
    "isbn13": 9780440000000,
    "language_code": "eng",
    "num_pages": 352,
    "ratings_count": 6333,
    "text_reviews_count": 244,
    "publication_date": "11/01/2003",
    "publisher": "Scholastic",
    "": ""
  },
  {
    "bookID": 5,
    "title": "Harry Potter and the Prisoner of Azkaban (Harry Potter  #3)",
    "authors": "J.K. Rowling/Mary GrandPré",
    "average_rating": 4.56,
    "isbn": "043965548X",
    "isbn13": 9780440000000,
    "language_code": "eng",
    "num_pages": 435,
    "ratings_count": 2339585,
    "text_reviews_count": 36325,
    "publication_date": "05/01/2004",
    "publisher": "Scholastic Inc.",
    "": ""
  },
  {
    "bookID": 8,
    "title": "Harry Potter Boxed Set  Books 1-5 (Harry Potter  #1-5)",
    "authors": "J.K. Rowling/Mary GrandPré",
    "average_rating": 4.78,
    "isbn": 439682584,
    "isbn13": 9780440000000,
    "language_code": "eng",
    "num_pages": 2690,
    "ratings_count": 41428,
    "text_reviews_count": 164,
    "publication_date": "9/13/2004",
    "publisher": "Scholastic",
    "": ""
  },
  {
    "bookID": 9,
    "title": "Unauthorized Harry Potter Book Seven News: \"Half-Blood Prince\" Analysis and Speculation",
    "authors": "W. Frederick Zimmerman",
    "average_rating": 3.74,
    "isbn": 976540606,
    "isbn13": 9780980000000,
    "language_code": "en-US",
    "num_pages": 152,
    "ratings_count": 19,
    "text_reviews_count": 1,
    "publication_date": "4/26/2005",
    "publisher": "Nimble Books",
    "": ""
  },
  {
    "bookID": 10,
    "title": "Harry Potter Collection (Harry Potter  #1-6)",
    "authors": "J.K. Rowling",
    "average_rating": 4.73,
    "isbn": 439827604,
    "isbn13": 9780440000000,
    "language_code": "eng",
    "num_pages": 3342,
    "ratings_count": 28242,
    "text_reviews_count": 808,
    "publication_date": "09/12/2005",
    "publisher": "Scholastic",
    "": ""
  },
  {
    "bookID": 12,
    "title": "The Ultimate Hitchhiker's Guide: Five Complete Novels and One Story (Hitchhiker's Guide to the Galaxy  #1-5)",
    "authors": "Douglas Adams",
    "average_rating": 4.38,
    "isbn": 517226952,
    "isbn13": 9780520000000,
    "language_code": "eng",
    "num_pages": 815,
    "ratings_count": 3628,
    "text_reviews_count": 254,
    "publication_date": "11/01/2005",
    "publisher": "Gramercy Books",
    "": ""
  },
  {
    "bookID": 13,
    "title": "The Ultimate Hitchhiker's Guide to the Galaxy (Hitchhiker's Guide to the Galaxy  #1-5)",
    "authors": "Douglas Adams",
    "average_rating": 4.38,
    "isbn": 345453743,
    "isbn13": 9780350000000,
    "language_code": "eng",
    "num_pages": 815,
    "ratings_count": 249558,
    "text_reviews_count": 4080,
    "publication_date": "4/30/2002",
    "publisher": "Del Rey Books",
    "": ""
  },
  {
    "bookID": 14,
    "title": "The Hitchhiker's Guide to the Galaxy (Hitchhiker's Guide to the Galaxy  #1)",
    "authors": "Douglas Adams",
    "average_rating": 4.22,
    "isbn": 1400052920,
    "isbn13": 9781400000000,
    "language_code": "eng",
    "num_pages": 215,
    "ratings_count": 4930,
    "text_reviews_count": 460,
    "publication_date": "08/03/2004",
    "publisher": "Crown",
    "": ""
  },
  {
    "bookID": 16,
    "title": "The Hitchhiker's Guide to the Galaxy (Hitchhiker's Guide to the Galaxy  #1)",
    "authors": "Douglas Adams/Stephen Fry",
    "average_rating": 4.22,
    "isbn": 739322206,
    "isbn13": 9780740000000,
    "language_code": "eng",
    "num_pages": 6,
    "ratings_count": 1266,
    "text_reviews_count": 253,
    "publication_date": "3/23/2005",
    "publisher": "Random House Audio",
    "": ""
  },
  {
    "bookID": 18,
    "title": "The Ultimate Hitchhiker's Guide (Hitchhiker's Guide to the Galaxy  #1-5)",
    "authors": "Douglas Adams",
    "average_rating": 4.38,
    "isbn": 517149257,
    "isbn13": 9780520000000,
    "language_code": "eng",
    "num_pages": 815,
    "ratings_count": 2877,
    "text_reviews_count": 195,
    "publication_date": "1/17/1996",
    "publisher": "Wings Books",
    "": ""
  },
  {
    "bookID": 21,
    "title": "A Short History of Nearly Everything",
    "authors": "Bill Bryson",
    "average_rating": 4.21,
    "isbn": "076790818X",
    "isbn13": 9780770000000,
    "language_code": "eng",
    "num_pages": 544,
    "ratings_count": 248558,
    "text_reviews_count": 9396,
    "publication_date": "9/14/2004",
    "publisher": "Broadway Books",
    "": ""
  },
  {
    "bookID": 22,
    "title": "Bill Bryson's African Diary",
    "authors": "Bill Bryson",
    "average_rating": 3.44,
    "isbn": 767915062,
    "isbn13": 9780770000000,
    "language_code": "eng",
    "num_pages": 55,
    "ratings_count": 7270,
    "text_reviews_count": 499,
    "publication_date": "12/03/2002",
    "publisher": "Broadway Books",
    "": ""
  }
  ]